variable,stat,value
dist,mean,42.98
speed,mean,15.4
dist,sd,25.769377492025892
speed,sd,5.2876444352347844
