variable,mean,sd
dist,42.98,25.769377492025892
speed,15.4,5.2876444352347844
